{
  "months": 12,
  "generatedAt": "2026-06-03T08:52:20.954Z",
  "regimeStats": {
    "bear": {
      "count": 1550,
      "wins": 694,
      "totalPnl": 10293.6,
      "winRate": 44.8
    },
    "sideways": {
      "count": 950,
      "wins": 419,
      "totalPnl": 6547.12,
      "winRate": 44.1
    },
    "bull": {
      "count": 674,
      "wins": 300,
      "totalPnl": 2388.52,
      "winRate": 44.5
    }
  },
  "signalStats": {
    "stochrsi-overbought": {
      "wins": 63,
      "totalPnl": 697.7835000000006
    },
    "below-VWAP": {
      "wins": 364,
      "totalPnl": 5270.6069999999945
    },
    "bear-at-resistance": {
      "wins": 257,
      "totalPnl": 2678.7538999999997
    },
    "bear-fisher-top": {
      "wins": 77,
      "totalPnl": 998.3331000000007
    },
    "bear-stoch-overbought": {
      "wins": 149,
      "totalPnl": 1323.2354000000003
    },
    "ema-ribbon-bear": {
      "wins": 638,
      "totalPnl": 11734.887399999996
    },
    "mild-vwap-bear": {
      "wins": 508,
      "totalPnl": 9276.932699999996
    },
    "mild-trend": {
      "wins": 1017,
      "totalPnl": 13779.870899999973
    },
    "stochrsi-cross-down": {
      "wins": 127,
      "totalPnl": 746.4310999999985
    },
    "volume": {
      "wins": 647,
      "totalPnl": 11571.855800000005
    },
    "bear-stoch-cross-down": {
      "wins": 51,
      "totalPnl": 204.24839999999992
    },
    "bear-adx-confirmed": {
      "wins": 409,
      "totalPnl": 8284.740600000001
    },
    "4h-macd-cross-down": {
      "wins": 292,
      "totalPnl": 8395.162699999993
    },
    "liquidity-bull": {
      "wins": 58,
      "totalPnl": 428.1199999999999
    },
    "rsi-oversold": {
      "wins": 2,
      "totalPnl": 74.0633
    },
    "4h-bb-expansion-bear": {
      "wins": 282,
      "totalPnl": 6436.089099999995
    },
    "h4-bear": {
      "wins": 554,
      "totalPnl": 8755.542099999991
    },
    "ribbon-h4-align-bear": {
      "wins": 598,
      "totalPnl": 10580.443199999996
    },
    "in-HVN": {
      "wins": 381,
      "totalPnl": 7101.123899999994
    },
    "trend-vs-oversold": {
      "wins": 296,
      "totalPnl": 8393.273399999998
    },
    "decaying-limit-fill": {
      "wins": 538,
      "totalPnl": 13310.606999999987
    },
    "chikou-bull": {
      "wins": 77,
      "totalPnl": -43.27000000000018
    },
    "fisher-overbought": {
      "wins": 1,
      "totalPnl": 4.4481
    },
    "4h-bb-expansion-bull": {
      "wins": 292,
      "totalPnl": 5500.411899999999
    },
    "h4-bear-strong": {
      "wins": 99,
      "totalPnl": 1391.0339000000013
    },
    "ema-ribbon-bull": {
      "wins": 501,
      "totalPnl": 5968.056699999988
    },
    "h4-bull": {
      "wins": 471,
      "totalPnl": 5672.151699999997
    },
    "mild-vwap-bull": {
      "wins": 371,
      "totalPnl": 3379.176600000003
    },
    "above-VWAP": {
      "wins": 306,
      "totalPnl": 2708.3035999999997
    },
    "ribbon-h4-align-bull": {
      "wins": 482,
      "totalPnl": 5253.0134
    },
    "bear-above-bb": {
      "wins": 60,
      "totalPnl": 726.4148
    },
    "below-cloud": {
      "wins": 68,
      "totalPnl": 1529.8402999999996
    },
    "htf-vs-vwap": {
      "wins": 18,
      "totalPnl": 444.98179999999996
    },
    "4h-obv-div-bear": {
      "wins": 157,
      "totalPnl": 2989.1562000000026
    },
    "chikou-bear": {
      "wins": 105,
      "totalPnl": 1705.1513999999997
    },
    "4h-obv-div-bull": {
      "wins": 148,
      "totalPnl": 1636.8687999999993
    },
    "OBV-bear-div": {
      "wins": 17,
      "totalPnl": -33.95820000000003
    },
    "fisher-falling": {
      "wins": 50,
      "totalPnl": 1062.2738999999997
    },
    "4h-macd-cross-up": {
      "wins": 218,
      "totalPnl": 3675.581000000001
    },
    "TK-bull": {
      "wins": 17,
      "totalPnl": 108.52150000000003
    },
    "trend-vs-overbought": {
      "wins": 242,
      "totalPnl": 4917.333600000002
    },
    "bear-rsi-overbought": {
      "wins": 44,
      "totalPnl": 34.6874
    },
    "4h-rsi-higher-lows": {
      "wins": 8,
      "totalPnl": 202.42000000000002
    },
    "4h-rsi-hl-confirmed": {
      "wins": 3,
      "totalPnl": 122.9218
    },
    "fisher-rising": {
      "wins": 38,
      "totalPnl": 123.70889999999991
    },
    "above-cloud": {
      "wins": 36,
      "totalPnl": 433.4704999999999
    },
    "4h-rsi-div-bear": {
      "wins": 7,
      "totalPnl": 601.6852
    },
    "bear-rsi-high": {
      "wins": 15,
      "totalPnl": 116.09049999999996
    },
    "TK-bear": {
      "wins": 30,
      "totalPnl": 697.9746999999999
    },
    "stochrsi-cross-up": {
      "wins": 33,
      "totalPnl": -151.97519999999997
    },
    "mr-stoch-oversold": {
      "wins": 16,
      "totalPnl": -207.97260000000003
    },
    "mr-stoch-cross-up": {
      "wins": 5,
      "totalPnl": -30.861899999999995
    },
    "mr-fisher-reversal": {
      "wins": 31,
      "totalPnl": -15.419099999999972
    },
    "mr-at-support": {
      "wins": 13,
      "totalPnl": -229.80660000000003
    },
    "ribbon-expansion-bull": {
      "wins": 31,
      "totalPnl": 852.1608999999999
    },
    "trap-vol-bull": {
      "wins": 12,
      "totalPnl": -104.88529999999994
    },
    "ribbon-expansion-bear": {
      "wins": 24,
      "totalPnl": 306.1074999999999
    },
    "mr-stoch-overbought": {
      "wins": 33,
      "totalPnl": 188.56489999999997
    },
    "mr-stoch-cross-down": {
      "wins": 11,
      "totalPnl": 101.8054
    },
    "mr-at-resistance": {
      "wins": 26,
      "totalPnl": 177.299
    },
    "mr-vol-exhaustion": {
      "wins": 20,
      "totalPnl": 142.14390000000003
    },
    "mr-rsi-high": {
      "wins": 11,
      "totalPnl": 110.18499999999997
    },
    "mr-above-bb": {
      "wins": 11,
      "totalPnl": -75.82770000000001
    },
    "mr-rsi-extreme-high": {
      "wins": 13,
      "totalPnl": -55.32739999999999
    },
    "mr-vol-spike": {
      "wins": 11,
      "totalPnl": -276.46579999999994
    },
    "mr-rsi-low": {
      "wins": 5,
      "totalPnl": -78.22769999999998
    },
    "mr-rsi-extreme-low": {
      "wins": 7,
      "totalPnl": -115.67389999999996
    },
    "mr-below-bb": {
      "wins": 7,
      "totalPnl": -206.04920000000004
    },
    "mr-obv-div-bear": {
      "wins": 6,
      "totalPnl": 106.89739999999999
    },
    "low-volatility": {
      "wins": 3,
      "totalPnl": 5.9986
    },
    "ema21-bounce-bull": {
      "wins": 1,
      "totalPnl": 3.701900000000002
    },
    "mr-obv-div-bull": {
      "wins": 3,
      "totalPnl": -11.717500000000001
    },
    "liquidity-bear": {
      "wins": 5,
      "totalPnl": 244.97140000000005
    },
    "h4-bear-pb": {
      "wins": 0,
      "totalPnl": -46.208299999999994
    },
    "4h-rsi-div-bull": {
      "wins": 6,
      "totalPnl": 302.6361
    },
    "macd-cross-up": {
      "wins": 0,
      "totalPnl": -15.3936
    },
    "rsi-resistance-reject": {
      "wins": 1,
      "totalPnl": -48.8684
    },
    "4h-rsi-lower-highs": {
      "wins": 0,
      "totalPnl": -8.1157
    }
  }
}